gene name,MW
b0789,47632.9148
b1341,46451.6536
b1475,32238.4062
b3309,11316.0669
b0708,53666.2586
b3678,57294.7437
b0220,16872.1197
b0375,23955.3568
b0398,44712.9662
b1328,33481.3826
b0736,15561.8322
b3020,60693.1531
b4161,39192.8379
b0014,69114.1284
b2952,21166.8653
b3835,63201.9661
b2809,8174.133
b2429,49801.3459
b0588,29783.762
b2342,46529.9712
b2908,49814.8455
b4358,36447.4627
b1451,77259.7538
b0437,23186.4098
b2909,21229.3645
b2168,33755.291
b1258,18596.944
b2377,8873.7767
b2465,73041.8293
b3743,16887.4736
b3425,12082.3382
b1800,40314.4676
b4033,57012.6925
b1792,13386.0429
b3321,11735.441
b1440,42294.6867
b1904,11741.3086
b0189,9479.5393
b0346,31321.7147
b1959,32193.5218
b0080,37998.9014
b2739,29216.614
b1212,30974.6276
b3304,12769.4698
b1026,33540.0396
b2136,21444.3169
b2790,16273.9845
b1761,48580.831
b3535,7017.8384
b3810,26728.4657
b3322,15875.8043
b1912,20700.3721
b3547,42950.3091
b0997,94454.8035
b1816,56527.3577
b1455,8269.981
b0506,29269.3244
b3701,40586.1554
b0394,32499.3744
b3226,29523.966
b3877,50981.5014
b0740,45954.9535
b2360,30442.1346
b0575,114705.7487
b0549,10347.9028
b0420,67616.1566
b1182,33758.0939
b0594,59111.4352
b1717,7288.8476
b1345,47538.4709
b0881,12178.9263
b0415,16156.3027
b0844,30195.8457
b1589,22751.5482
b1121,28864.4977
b1357,10975.4189
b0187,14736.5119
b3078,52146.0193
b1609,49282.2972
b0991,8727.0803
b2561,30707.1502
b3025,24677.2971
b1193,22226.2858
b1690,44607.5719
b2758,40025.0258
b3390,19537.811
b4252,16865.1583
b0007,51662.291
b0116,50687.8792
b1294,61564.1332
b0245,12904.8526
b1106,32396.8876
b3617,43116.5547
b0120,30384.3065
b2279,10844.8939
b1420,5893.4703
b0383,49437.9992
b0466,6024.8042
b3408,8370.7268
b1220,52099.1422
b0676,44540.7136
b0399,26433.0756
b4533,9023.2104
b4119,50656.5313
b1396,14850.6081
b2426,27849.6725
b4266,27562.3903
b1018,41137.125
b1893,19564.3535
b3114,85934.5257
b3510,11857.4891
b3734,55221.4083
b0032,41430.5103
b2846,24286.5965
b0155,50348.1235
b2345,40248.0504
b4240,51080.1455
b2608,20605.1944
b4014,60272.8536
b2569,66569.4956
b0036,28189.8954
b0906,26281.7103
b0798,18669.0699
b1003,8524.3886
b4346,53156.6417
b3612,56193.2416
b0050,13866.5896
b1435,72700.9486
b1628,20543.5976
b1020,39264.4421
b3131,29572.1549
b2065,21249.0072
b1002,45682.3845
b0862,26216.8033
b0715,36883.2961
b3639,43437.6443
b3185,9124.3618
b2041,40557.8119
b1296,50852.3875
b0931,45896.7234
b2464,35658.3625
b0347,62184.9812
b2224,40352.03
b2326,21145.3348
b1763,73215.9514
b2976,80487.5899
b3305,18903.5447
b0849,9684.7372
b2580,25692.8953
b4025,61529.0037
b4062,12910.6731
b2491,75304.3525
b1319,34912.8303
b0995,26232.8873
b3195,29096.4885
b2928,27131.5935
b3242,7846.489
b0949,72066.0083
b2490,15576.8106
b4419,4013.7755
b1650,39515.914
b2331,21013.0667
b2100,34385.0599
b0335,69350.1066
b1661,43908.5106
b3181,17640.743
b1441,37040.1696
b2344,48540.9635
b1677,8323.3941
b3012,31109.2429
b2572,24321.111
b3331,22230.9234
b3719,42754.2695
b2737,41338.6114
b4106,29430.2562
b1531,15183.9957
b4028,26280.4963
b2229,23766.8968
b3301,14980.2364
b3487,38827.9385
b3065,8499.8547
b2440,31781.2506
b1250,46062.0321
b3091,54092.4626
b3891,34746.3359
b1335,19178.8557
b1521,54807.6092
b1184,47679.1747
b2872,44803.4409
b1477,10400.9719
b4513,3071.711
b2162,33747.6512
b0503,41110.3173
b0833,90047.5852
b3889,8407.6363
b1633,23562.1127
b1098,23782.8486
b3088,35908.4682
b3934,37819.3878
b1321,52608.8518
b3916,34841.6643
b1596,45256.9741
b3794,27927.8424
b1636,31321.8421
b1518,11254.6505
b1764,36686.8601
b4312,22993.2239
b4504,8580.8288
b0368,32409.0878
b2871,43327.0851
b0410,13363.8498
b4138,45750.1607
b1970,15459.4059
b0031,28756.2878
b4123,47934.6886
b2399,14909.9807
b2021,39359.6687
b3945,38711.7471
b3790,24220.0712
b2463,82416.4419
b0474,23585.7353
b4170,67922.8979
b4003,51031.1809
b1000,34454.5646
b1497,44517.396
b0832,33237.8533
b2828,33107.5293
b0968,10299.6374
b0924,170228.1595
b3151,37256.2582
b2076,111009.0913
b1489,90259.3349
b2306,28652.6981
b0726,105060.4808
b2137,26950.5459
b0979,42423.342
b2722,33028.953
b2070,71637.9445
b2432,20897.3993
b1023,77411.8047
b0198,23255.7965
b0514,38734.0663
b3778,77023.2946
b2723,64076.3978
b0677,40948.6267
b2925,39146.7931
b1490,53177.0289
b2500,23237.9959
b4349,59305.8117
b1083,34280.6601
b2195,20808.7312
b0305,31473.9998
b3439,26279.0702
b4385,49756.0069
b2095,47108.176
b2268,32929.2086
b1013,23687.3334
b3646,22048.1475
b1269,32710.9842
b1607,12322.9513
b2120,83389.2013
b2192,39326.7214
b1198,51448.0239
b3068,18673.1542
b0587,42099.0114
b0099,14926.8881
b1209,23550.4882
b3432,84335.8412
b3651,25342.8146
b0208,33775.4229
b0641,21356.2952
b1370,37776.9205
b3479,26820.1053
b2316,33321.5612
b1115,40833.1452
b2852,52752.2101
b2742,40148.5086
b0759,37264.6652
b2774,28041.7456
b3738,30302.8738
b3513,41190.0618
b2057,45259.4184
b2628,62005.7598
b2674,15340.1873
b2840,25247.6873
b2141,14578.5395
b4265,46040.7278
b3137,31293.3209
b3515,28028.1306
b3822,68362.7537
b2349,44060.5082
b3999,22612.4048
b1557,7716.6277
b2419,13731.7968
b3714,46865.2077
b0400,49628.7964
b0451,44514.1721
b2015,34168.6823
b1730,30159.3737
b2037,45382.0419
b4166,43072.4275
b2768,20786.1617
b3179,23334.8153
b0926,20354.12
b1657,40063.6231
b2019,33366.3654
b1689,13928.7504
b1305,8762.9939
b1326,26557.6879
b2234,85774.2591
b2882,49107.6888
b2571,35749.3068
b1372,113778.8549
b3780,47125.3502
b1176,24775.2332
b4551,7598.6928
b0525,18153.2667
b4298,32721.262
b1591,23344.346
b2585,52801.1363
b4195,17237.3317
b2233,131151.3007
b1592,44152.8533
b1353,19243.5459
b2957,36850.2459
b4512,7467.4002
b0093,31433.3553
b0161,49353.6637
b3328,15904.9961
b2094,16907.2513
b0214,17596.7878
b2254,36338.7235
b3106,25895.1632
b2791,29665.3569
b0197,29431.2573
b2371,41670.2884
b0900,34293.9988
b2483,34358.8478
b2187,8288.3647
b3233,14960.6762
b2032,43187.6168
b2413,29304.6436
b3787,45838.205
b4037,31943.1039
b1381,96833.5472
b4109,84370.0477
b3557,19724.8105
b4406,7214.146
b1993,20163.7742
b1466,26160.2832
b3663,17218.8109
b1233,16990.2418
b3326,54609.9373
b1144,11458.3088
b3894,112548.0893
b0457,58719.6658
b3754,51461.0425
b1295,9321.2133
b2529,13848.4381
b0993,101023.1249
b1770,28261.1414
b4487,13468.4711
b2107,12466.0514
b0127,34646.65
b1913,68187.2033
b1347,7862.9919
b4478,42522.3821
b3509,12042.6941
b0303,8471.6899
b0674,62658.2816
b2699,37972.9341
b1902,18894.2627
b2292,65871.01
b3098,11051.3535
b3051,60698.9292
b0923,26974.185
b2710,54233.576
b3706,49230.2561
b3214,26351.3712
b0163,15095.9771
b0823,90124.2873
b0040,56586.6199
b1610,35782.7163
b0721,14298.9785
b2950,35993.7293
b3353,38494.7603
b0777,28275.8538
b1894,9868.2797
b0233,15487.6528
b2918,36703.4951
b1037,30556.7791
b1696,34894.0509
b4058,103866.3078
b3009,24133.5982
b0142,18078.5667
b0731,69667.0732
b1535,33863.1021
b0793,42059.3274
b4333,31955.8631
b2472,41268.5357
b2049,53015.6678
b1516,36684.4059
b0337,47590.4032
b3748,15292.3325
b0494,23621.8715
b0358,29039.9755
b3339,43283.0396
b4004,48393.965
b1838,25273.5414
b1727,24329.9677
b3386,24553.9646
b1227,25497.0712
b2743,23257.4864
b3352,71842.5486
b2290,45516.8309
b1960,18015.4138
b0546,30840.3498
b3961,34275.5646
b3947,91772.5844
b1754,42844.0125
b0636,17340.9006
b0697,72198.3227
b1871,37006.1154
b4353,7728.7196
b2244,34922.4297
b0259,39326.7214
b1061,8948.8648
b0974,27596.9926
b3621,35543.3343
b4188,9949.0078
b0065,28243.789
b0990,7780.632
b0452,31965.9186
b3306,14126.3944
b3980,43313.0656
b0947,40643.9447
b2675,80478.0537
b4383,44369.4379
b1832,18121.4055
b3909,33668.8736
b2059,33034.3906
b0073,39516.5592
b2728,9731.9011
b3553,35395.0992
b3222,29643.5125
b2542,43977.6943
b4467,45109.6448
b3820,17162.5877
b4566,9734.1794
b1749,30968.8013
b1791,41207.7634
b0678,29773.8698
b1603,54622.7965
b2734,25097.9295
b1752,26160.021
b3210,87981.8503
b3204,17959.3562
b2753,37919.7501
b0653,24914.4204
b2301,24325.4321
b4065,60522.0415
b1300,53417.9723
b3400,15495.6683
b2235,43516.7509
b2047,52407.8844
b1771,36328.4085
b0727,44010.8749
b0529,31043.3754
b1575,6964.2086
b2736,30750.9119
b0130,46314.5173
b3426,56749.8374
b3200,20126.6397
b2984,28151.1598
b3744,36650.101
b0799,81439.2971
b2524,7731.4791
b1833,48272.8571
b4423,4013.7755
b3437,19543.0434
b1854,51356.5887
b2914,22860.1279
b2247,44225.9923
b2938,73897.6193
b1919,35152.8887
b4064,45710.9367
b4399,52175.5238
b3942,80022.7992
b0817,17640.0481
b2219,67789.0998
b2719,27998.8463
b3251,36951.9909
b1057,20736.1493
b1634,53990.5247
b2443,25142.9297
b2546,34482.9277
b0938,18679.6638
b3497,26948.8679
b0001,2138.4426
b4256,18622.2198
b1040,24935.1616
b2183,25864.9855
b0655,33419.7698
b1241,96126.0894
b0550,13845.7565
b1914,23892.4032
b0769,37059.0894
b0675,27162.7804
b1150,6380.6724
b4148,10900.1299
b0554,7777.966
b2682,26107.3795
b1972,24067.8441
b2171,21532.3805
b0812,18695.0759
b1378,128822.9354
b2381,28720.7232
b2602,13203.5514
b0826,26718.5685
b2372,33615.5647
b0839,43608.3764
b0779,76225.1378
b0115,66095.2674
b1338,46587.6743
b2890,57602.7406
b3415,45966.0853
b0497,159722.6009
b0318,21686.8153
b2198,7745.0465
b1702,87434.0998
b3496,53574.5573
b0275,9902.2959
b3128,56400.9374
b1143,12882.6016
b1523,13543.6282
b0121,32321.0159
b3176,47543.0352
b1469,49889.5403
b4217,8071.6435
b1299,20091.338
b3231,16018.3462
b0685,11279.855
b0567,33056.3718
b3241,34774.1385
b0696,20266.8934
b0373,11543.0052
b2511,55035.2153
b0348,34195.637
b3628,40825.4417
b1887,18083.573
b0540,11543.0052
b0035,21244.1457
b0365,34265.6565
b2199,27885.0063
b0822,30412.4561
b0433,53244.5368
b2558,58301.4089
b1809,12493.0784
b2454,30081.7913
b2173,36112.8072
b4260,54879.205
b3299,4364.2899
b2170,42745.5886
b0078,17976.5416
b0450,12259.0578
b3495,16066.1965
b1127,44922.916
b3218,39326.7214
b1188,60813.1553
b2951,25787.1339
b3874,46334.7463
b3194,27862.9251
b0088,46973.0941
b4596,6441.2813
b3080,88319.9905
b2582,15554.6049
b3032,30937.6104
b3097,13905.5349
b3967,31001.5805
b0654,27502.3631
b3047,28491.631
b1555,12090.4687
b1981,47816.8149
b0027,18156.0957
b4319,17317.1532
b1283,6947.9938
b1846,23686.5477
b0600,42962.416
b2203,16296.3614
b4098,31844.786
b0516,45693.4865
b0489,33742.7105
b1679,15800.1386
b2810,43233.6609
b1676,50728.8721
b0020,34284.0399
b3653,42424.6348
b2133,64611.5553
b1876,64682.2167
b1818,27635.4759
b1630,38139.6673
b3474,38521.7598
b1620,36624.3241
b4199,10149.2406
b0854,40839.1607
b4331,20529.3047
b2660,46081.3996
b1645,75265.8906
b0969,12410.202
b2434,16311.3872
b3687,15773.5032
b1594,44315.5533
b2811,15940.0769
b1500,7271.5251
b4376,21073.4588
b3813,81988.9427
b3256,49320.1891
b0742,28231.0562
b3941,33102.3431
b1315,38651.7091
b0586,141989.2243
b1056,20912.1957
b1389,10942.1253
b2400,53815.1
b0174,28443.7984
b4542,3642.5321
b4237,17445.7237
b1094,8639.4165
b2541,28499.269
b0265,9902.2959
b0871,62010.6986
b4198,25277.4424
b3235,37580.5493
b0785,16980.8399
b0892,49625.5021
b2568,35959.9085
b0281,53073.4361
b4326,14746.7091
b1194,27856.8096
b4280,41384.0578
b0283,34953.6226
b3774,54068.4274
b0314,75841.2563
b1621,56626.329
b1041,15881.6793
b0956,17693.1504
b1419,5859.8216
b3932,19092.6178
b2521,30811.4488
b3073,49660.8104
b2642,64195.5573
b3360,20771.6199
b1930,8638.9014
b2075,112076.1935
b2036,42965.3292
b1337,52193.0071
b3675,13768.1503
b1774,37700.3741
b0480,60823.2391
b1093,25560.0137
b1951,23516.1464
b0686,28436.9076
b4336,48241.2556
b4390,47345.2579
b0608,44175.0498
b1626,16318.3615
b1691,46079.7553
b1644,31495.4244
b0619,61683.3494
b2264,61366.3073
b4316,26688.601
b3053,108417.1404
b0632,44443.4377
b0886,62919.3832
b3189,44817.1296
b4210,35208.06
b1790,30553.1986
b0219,28924.5475
b0627,7024.2093
b0570,53737.4066
b0768,36057.6087
b1723,32455.6075
b1669,29340.3417
b1474,112962.0291
b0160,59382.2185
b0028,16080.8156
b2552,43867.1171
b2330,35001.3217
b0023,9684.2814
b0932,98917.745
b1380,36534.3789
b1880,42237.2754
b2924,30895.6338
b2988,70531.0949
b4120,52635.7703
b2926,41117.7094
b2880,28649.2741
b4047,9749.2264
b2200,23618.5137
b1852,55703.7783
b2913,44175.2478
b0070,42712.727
b4132,46664.5131
b3159,32534.9309
b1113,34635.5094
b1273,9385.5189
b0606,56176.4324
b3735,19332.013
b1572,4688.0259
b3803,42962.4918
b3995,18242.6201
b1004,20845.3096
b0391,10234.2772
b3607,29316.3044
b2010,43345.5345
b2826,17865.2017
b1900,55017.588
b3726,32321.4109
b0313,21814.7558
b2045,47342.9875
b2077,50900.3272
b0738,15382.7462
b4192,40060.1996
b1498,62801.4677
b1681,46822.1732
b2975,58919.417
b2806,41904.728
b0379,11424.3572
b3441,18793.3391
b0824,33037.777
b4522,6232.3486
b4022,32476.1706
b2263,27682.0332
b3598,13865.9092
b2218,106505.2103
b3288,34168.0639
b4214,27175.5416
b2718,15464.4971
b4559,6554.9725
b2474,74891.6095
b0351,33442.1061
b1025,51781.9141
b3409,84472.7003
b3868,52254.1085
b0068,36162.9585
b0285,33857.4488
b3117,35232.0188
b4460,34210.5231
b3346,26820.2634
b3558,33477.0816
b1753,20532.7189
b0806,8896.0356
b2382,32355.1501
b1554,19662.3349
b3357,23640.1581
b2030,39326.7214
b0543,11958.2293
b3573,17459.2025
b1830,76662.1295
b4293,19480.1867
b1653,169379.0583
b2735,27434.3667
b1164,8768.8846
b0818,41168.2113
b4202,8986.3204
b2624,8132.5184
b0157,22127.4203
b0604,27494.6726
b0791,15464.5166
b0927,23783.7675
b1538,77514.8021
b1565,11308.0507
b2731,78467.024
b0629,35959.9349
b3468,23790.2834
b2340,17207.5988
b1229,3446.8048
b2462,11649.4274
b4209,24882.3617
b2346,28041.2681
b0133,31597.307
b1748,43664.8446
b4484,18965.0533
b3828,35628.5879
b0049,31296.348
b2408,29232.8483
b2597,12784.4364
b0176,49070.6852
b0509,30800.2365
b2525,12330.7023
b0917,6854.9039
b3107,5960.7903
b1464,32318.411
b4180,26556.3377
b2313,17906.7671
b0889,18886.5556
b3478,30361.6091
b4186,45019.1377
b2177,69668.1971
b0711,23946.3024
b3655,62271.6488
b0199,37787.9287
b2394,40908.3273
b3294,14364.4226
b2034,37756.7668
b2482,72582.1781
b4020,59466.2837
b4314,18110.9793
b3120,20576.3218
b0349,31937.101
b4024,48531.1434
b4060,10303.2036
b3549,21099.8731
b1261,42982.5358
b2455,49020.978
b3444,9868.2797
b2505,17704.8727
b3536,59427.4322
b0552,39326.7214
b0150,82181.249
b1808,70377.1365
b3574,31066.3047
b0753,12871.8528
b0737,25597.4104
b3175,11365.0276
b3581,23444.486
b1460,43078.0794
b0620,25453.0364
b1618,21798.9202
b2671,13065.6024
b4203,15768.8567
b2299,20375.643
b0611,29617.256
b1722,27606.9402
b3771,65530.8741
b1141,9286.7009
b1673,77875.757
b1793,8942.2877
b4480,31745.7994
b0651,33822.5211
b0326,31792.3365
b0978,57919.1659
b2757,25208.5123
b4249,24597.8617
b0181,28079.6653
b3027,13200.8454
b3382,13527.5065
b1409,33053.4758
b3486,100783.6789
b1870,27776.3354
b2128,25514.1974
b4347,12202.8787
b4361,27934.8076
b4334,27254.9239
b2570,16639.222
b0427,48809.3745
b1525,49717.3072
b3031,21641.2465
b0453,19430.954
b0213,27243.8542
b1514,36394.3357
b1183,15063.2062
b1159,31389.4647
b4211,29733.1299
b1608,26703.5052
b3690,40141.9616
b2853,8054.7419
b0535,23663.2505
b3198,19996.8805
b1449,37609.304
b3090,20512.2327
b4421,3971.6958
b1632,24458.7346
b3728,37023.429
b1576,6841.8815
b1221,23926.5244
b0644,37030.5007
b3034,23666.5176
b1539,27248.6187
b0483,13170.9423
b2103,28633.2815
b3291,14956.5826
b3143,25676.1854
b2347,34502.7918
b1668,60754.3268
b0237,52914.7747
b1745,49297.965
b2029,51480.6506
b4568,5535.831
b0661,53662.3393
b0869,53706.3969
b1688,39840.6943
b1778,15451.0166
b0408,66631.3345
b2771,48233.5268
b1407,86715.3523
b4143,57328.2246
b1559,27925.9482
b2431,33051.8755
b4335,42742.4044
b1797,13611.2895
b1889,34185.6888
b0215,27098.6267
b2269,46077.6528
b0354,19922.51
b0234,17554.9323
b0894,90397.6071
b0123,56555.5463
b0593,42931.1288
b0106,44449.9861
b1116,43263.2712
b1245,33021.5363
b2256,33111.393
b1303,36986.0321
b0044,10478.8198
b4005,45939.8369
b2333,18951.2604
b4048,26672.581
b3720,60656.4241
b3643,24424.6105
b4045,8325.1515
b0029,34774.1472
b0994,37864.2218
b3096,14172.0318
b3237,16994.3173
b2741,37971.3821
b1622,43641.3564
b1619,26778.2942
b1881,23975.7632
b0409,35381.9685
b0468,14769.9699
b0444,25513.8937
b0773,17084.9186
b2614,21797.5889
b3512,20599.1407
b0598,75104.3659
b1529,23616.9691
b4547,8071.3158
b1948,26928.0972
b2532,27047.6331
b3040,26484.4801
b3130,17836.0273
b3507,20407.9881
b1122,17415.7417
b3660,33112.0853
b0166,29891.7343
b4131,81259.1991
b4043,22357.4459
b4387,24082.4416
b2892,63388.0829
b0980,47056.2735
b1602,48722.4643
b3325,70697.2575
b0952,20634.1409
b2554,49147.8062
b3610,9137.3986
b2106,30419.0546
b1073,15240.0078
b4061,60800.5704
b1021,16081.546
b0439,87437.1385
b4386,37925.4348
b2314,22938.1949
b0950,46463.0274
b0492,31790.6728
b2727,31564.7143
b1667,11287.7119
b1776,38731.3152
b0059,109767.747
b1090,38213.979
b0194,63691.8334
b0520,29596.7509
b3849,52959.0813
b4264,37566.8027
b4017,82597.2784
b1728,22350.2217
b4410,4359.1473
b0171,25969.9802
b2506,20230.1583
b4212,14075.0096
b0660,39038.2172
b3093,46891.7714
b1064,24349.9203
b2551,45316.0548
b2091,37389.704
b3539,47256.9451
b0109,32761.6613
b4311,27887.6746
b0380,8097.3558
b0576,50676.6948
b2214,38548.3655
b2797,48752.4229
b3295,36511.2854
b2645,11737.1431
b2144,27286.5485
b2014,49537.0548
b0819,33324.8797
b2676,36442.7927
b1883,37467.3337
b1384,34619.9402
b0713,25800.0676
b2620,18268.8819
b3648,23592.4243
b2367,56000.4733
b1329,59899.437
b0929,39332.7982
b3172,49897.8317
b3447,61767.2137
b2980,28825.8354
b1982,53994.2327
b2713,19025.9992
b1703,31210.5021
b0545,19475.7204
b3518,51569.9331
b0278,27273.465
b0650,61985.5411
b1251,10601.9045
b3543,37496.5293
b2955,42583.8045
b3164,77100.0551
b1616,49907.444
b4372,15174.1699
b3870,51903.1659
b0595,32553.9812
b1968,50849.0541
b3213,52014.7104
b0011,26664.5763
b2008,39954.7915
b2548,35057.7238
b3466,10251.5857
b2987,53808.0925
b3365,93120.2686
b1569,8577.6381
b2435,31411.7283
b4453,3916.6785
b0628,36071.3433
b1394,28404.298
b1615,46647.0952
b2033,21674.8297
b0975,21546.1694
b2679,36022.1015
b3638,25343.1639
b2453,41030.9399
b2471,13600.433
b2994,62490.4046
b1796,6608.2213
b4001,26317.1421
b2498,22532.9976
b1453,54232.4337
b1063,20499.5016
b2574,60336.7152
b1584,21886.7495
b3284,18509.9309
b1867,20451.9784
b0523,17780.1078
b2406,46139.3104
b1327,33658.1257
b1192,33567.0666
b0042,33512.7666
b1395,51732.0001
b1433,40582.876
b1156,21661.7218
b3552,22196.9672
b1515,34455.9356
b2274,16162.8379
b2099,35620.1539
b3833,28072.8892
b1312,31249.9776
b3350,66410.3721
b2573,21695.4708
b3024,14010.5915
b2543,15211.213
b4269,36501.44
b3538,62031.1993
b1333,35706.4474
b4364,28000.5819
b1154,22019.4699
b3225,32593.0813
b0589,34909.7974
b3103,14280.7625
b4411,4809.4756
b2458,36066.3228
b1286,72489.9123
b1423,51042.0479
b3665,63738.6276
b1479,63196.5875
b3230,14856.0226
b1897,29174.9351
b0405,39430.3604
b4159,123966.1051
b4013,35726.8399
b0716,39538.168
b3125,30427.1152
b4295,36111.1773
b0786,25901.5747
b3789,32733.9908
b2626,24560.3813
b2307,26869.4549
b3936,7870.9886
b3240,73590.5979
b3632,38730.219
b3505,39326.7214
b3499,31941.3007
b2633,31254.2576
b1916,28117.0561
b0913,84473.0125
b3952,32429.3119
b0401,46208.1588
b1439,52792.1831
b0482,29902.1366
b1355,5193.8907
b1918,24800.9561
b0948,78853.168
b1033,35342.9845
b1850,22283.7565
b4455,5998.2152
b3721,53160.6585
b0413,17228.716
b3960,50317.6366
b3154,16776.1248
b2017,9307.4936
b1467,58557.2722
b2530,45088.9943
b0527,19530.2084
b1050,8442.7009
b1137,25146.6109
b3850,21226.0465
b3924,27750.6101
b0557,10447.1591
b3727,34120.5973
b2282,36218.7257
b4121,23441.7174
b3001,38831.7045
b2018,2081.2849
b2788,48849.0043
b1874,26761.4826
b2636,16734.719
b3906,32372.2622
b4354,77322.9357
b0702,12557.2189
b0533,35695.337
b2335,17890.1799
b0845,41851.9951
b2946,26977.761
b1760,9947.308
b1377,41219.3433
b4528,6761.1615
b1298,28012.6957
b0389,7281.1134
b1271,27932.6175
b4300,29267.3828
b0985,27295.781
b1270,21998.6285
b0564,28763.1576
b3188,10494.901
b3582,32454.8221
b0984,78686.1868
b0363,44707.9975
b2334,17889.8051
b1547,32901.6134
b1048,57911.7614
b2686,55623.7432
b3473,42155.079
b3166,35086.6644
b0624,13777.1332
b0226,9405.6827
b1654,12878.6167
b1388,35498.8791
b0490,25381.6965
b1225,58065.7884
b3391,44715.6684
b3224,53550.592
b1877,18884.9863
b1331,39326.7214
b3613,46594.0796
b3085,19482.3192
b2291,22707.797
b2870,44186.9579
b3348,8214.2371
b2968,20394.2814
b1391,18323.894
b1729,48661.0835
b2504,7461.5331
b2437,40159.3166
b0470,71136.8961
b1947,12669.693
b0112,49689.5407
b2430,47751.8168
b3491,37656.6797
b3751,30950.1033
b3153,18858.1981
b3264,25197.8861
b1199,22631.5076
b1517,31892.4136
b1731,9376.7007
b3973,35311.5637
b1693,27466.3389
b3434,21490.1343
b2479,20768.4149
b0851,26800.365
b1851,64638.3097
b2258,14085.028
b2644,17963.5343
b0191,15622.8823
b1613,42849.4195
b4472,139051.4836
b0861,24913.4678
b4371,37624.2773
b4171,35064.73
b1779,35532.0683
b4067,59196.4039
b1664,42875.497
b3248,21515.1813
b0456,13318.104
b2248,28903.8462
b2201,23052.9668
b1865,17305.5531
b2922,26634.9375
b1642,16352.8052
b3221,17037.5089
b0925,67811.6842
b2280,19874.4052
b2827,30479.3304
b1835,53226.8969
b2097,38108.7504
b1224,140487.7403
b1104,13980.9359
b0425,33870.3756
b0782,18664.8696
b3115,43383.6187
b2821,107707.1788
b1799,34630.4658
b1783,74479.4205
b3989,21130.7929
b0485,32902.9412
b2616,61395.7475
b2154,31258.9278
b2514,47028.8824
b1699,45922.4631
b3178,70707.2745
b2336,27727.744
b0330,58648.7054
b4323,53579.589
b2711,41403.1115
b3428,93171.4122
b1901,35540.4878
b3238,9196.3053
b2721,64979.6287
b2096,30811.5764
b0774,47335.1148
b2088,11543.0052
b2769,30307.2705
b0850,10520.5803
b2161,43409.0746
b2927,37298.934
b1259,6002.2737
b1256,22927.55
b0648,27022.1325
b2631,13664.5365
b2296,43289.9501
b2845,45098.7181
b0447,17437.1794
b2766,46392.6527
b3455,28426.5151
b0867,31072.0502
b0700,157774.4271
b4128,11467.8406
b0041,27143.4365
b3121,45250.3827
b1802,42560.32
b4116,29006.4406
b3361,22959.7546
b1324,17835.0949
b0148,89146.7441
b3084,42330.9414
b1494,104655.1874
b3898,38732.9807
b2733,95245.7828
b2475,31459.8401
b4304,46683.7997
b2778,32205.2264
b0919,34487.2727
b3297,13844.7641
b1952,6945.7524
b1253,14230.3973
b3060,35314.1804
b2923,23175.4283
b3351,20957.7287
b0837,41053.9644
b0158,29366.4592
b4110,32898.4043
b0825,22996.5558
b2317,24509.9334
b3872,26938.4478
b3150,20027.7049
b1759,15045.9347
b3965,41966.4755
b3364,43165.9114
b1436,8708.7545
b4296,47003.2323
b0002,89119.2202
b0419,36419.7264
b2321,36667.8208
b0033,117840.3704
b2395,83523.2057
b1399,35294.2833
b4475,35902.7803
b0735,10932.2489
b1595,33280.9417
b1059,40901.4961
b3270,41483.8132
b2236,9292.6839
b0403,69040.1726
b0329,9895.274
b2601,38803.5416
b1878,14059.255
b1119,33042.2969
b3023,17827.0481
b2507,58678.5323
b0324,50548.1725
b0699,8274.5144
b0376,41848.558
b2246,46293.1595
b3501,13252.4107
b3411,33267.1153
b3614,35352.3141
b1896,53610.4896
b2071,17427.7124
b0524,26893.8681
b4032,32225.0092
b0295,8766.7891
b3812,27121.5093
b1716,13496.7772
b3713,20375.326
b0030,32560.4143
b1651,14919.6687
b4218,49762.1231
b3766,3231.0567
b3933,35792.8043
b3259,31876.739
b2556,53329.8057
b2287,25055.5645
b0683,16794.6567
b4397,17107.6865
b2132,83459.0619
b0992,40096.5811
b0899,52495.8759
b0268,32529.9893
b0462,113572.3049
b3072,55065.1374
b3580,55154.2284
b3008,43211.8738
b1101,50675.9252
b4254,36906.697
b0649,55681.5
b1725,32458.2073
b2610,49786.7863
b0385,41537.0201
b4537,9122.4815
b0970,23362.5425
b0438,46355.4503
b4101,16539.4673
b1222,67083.1865
b0904,30990.3958
b1112,8814.9413
b0762,5300.3899
b0429,12029.3367
b4378,28908.7445
b2972,29465.7163
b0060,90051.4543
b3417,90521.2686
b3900,16093.3228
b2724,21873.0606
b0315,40724.4138
b1397,42276.0874
b2916,33471.2948
b0954,18968.8386
b1623,36397.0238
b2516,36191.2311
b0958,18801.1678
b3716,16683.0143
b2027,36454.2968
b2726,13168.0593
b2630,40060.6538
b3157,19671.6311
b0901,23035.8866
b3453,48448.1509
b2770,28720.0594
b0184,129903.0568
b2985,26346.3889
b0461,14557.2284
b2847,30849.8734
b1824,5212.1166
b1297,53176.5796
b2442,45380.9217
b1705,7117.068
b1866,65912.6907
b2108,36884.4209
b0909,26739.8068
b1036,17074.222
b0907,39782.8424
b1733,27773.3994
b1674,22366.7343
b2016,29679.6001
b2553,12425.2997
b1323,57655.4693
b3769,9703.0554
b3836,9663.8612
b2934,16046.0431
b1062,38826.9433
b0243,44629.5476
b1646,17680.7756
b0714,29844.7496
b3528,45435.7319
b1342,36611.743
b3931,49593.2273
b1210,46306.2721
b4156,54724.3936
b0801,38896.7068
b2361,20255.2235
b1252,26093.9289
b0559,7623.6507
b2188,67295.1644
b2577,33242.9208
b0719,19837.8746
b1292,31547.7557
b1461,8672.8551
b0631,9827.2259
b3343,10718.1968
b2989,32391.2023
b0556,17225.4874
b1382,6840.0533
b3057,29758.4214
b0936,34557.2953
b0582,40908.3273
b0382,9937.3652
b1956,64282.1065
b3483,14530.6135
b1226,26448.5338
b2386,43965.9107
b2043,51315.1029
b0082,34877.3969
b1807,25180.5351
b2717,17056.343
b2800,23775.0463
b0321,50373.402
b1249,54821.7232
b3802,45244.477
b1767,37126.8016
b1147,20211.4925
b4084,33820.571
b1373,21336.5811
b3670,11105.6394
b0238,16970.3864
b3823,22473.8321
b2074,44463.7196
b1482,15087.965
b3564,52617.6442
b2559,18717.341
b4094,20729.3504
b3165,10268.6405
b4330,23793.1377
b0937,21253.0452
b1281,26349.9521
b0504,34511.258
b1737,48331.6205
b4527,5768.4726
b1128,42578.3883
b0481,17092.7137
b2697,96031.257
b2747,25736.9594
b2062,41909.4486
b0548,6493.664
b1285,74664.1167
b0986,24267.2945
b3554,25662.795
b2948,20685.6607
b2760,55900.5312
b3129,12358.8045
b2804,15472.9397
b0180,17032.757
b1507,49275.213
b1750,26057.7858
b0532,95675.7998
b0162,43686.8354
b1344,35560.5336
b2861,13451.4657
b1288,27863.6361
b4052,52389.4637
b3920,21762.687
b1784,49391.8392
b1358,15742.7765
b4555,11069.6112
b3205,32491.909
b4194,10895.5026
b0831,34066.015
b0876,63588.4443
b4340,53046.0967
b0168,29330.4873
b2929,19271.7118
b1775,49601.3751
b1536,14120.9487
b3124,39103.8837
b2609,9190.4378
b3363,20431.0793
b2802,64975.9801
b3753,36611.5022
b1566,12207.5767
b2523,46179.6223
b1068,33681.1321
b2902,25938.1943
b3594,31873.2507
b4248,14590.0877
b1089,6446.3097
b2251,16370.5312
b2211,61552.0227
b2194,39088.5341
b2776,54176.3318
b0513,47238.7945
b2715,51025.3789
b2040,32693.7253
b4191,27601.5777
b0910,24746.0363
b0607,15934.9905
b1504,18948.3184
b3860,23104.2622
b1145,25094.3783
b4246,5098.0765
b4303,29354.3867
b3313,15281.0238
b3884,28506.9741
b0193,29911.9924
b0179,36038.1064
b3258,51716.4075
b3875,27199.9382
b0689,18281.7578
b2293,23007.2396
b2038,21269.8381
b2921,34673.2488
b1841,13410.041
b0976,14889.611
b0022,9868.2797
b0940,95240.7664
b2643,17303.1655
b1054,35406.4492
b3334,17233.605
b1011,25208.357
b2881,103517.4837
b2409,33902.593
b4536,8514.0158
b2515,40683.1339
b1553,18309.634
b1293,36037.5985
b1336,54885.1931
b3818,14408.0292
b0977,31430.3535
b4141,44777.0296
b3508,23213.0819
b3616,37238.6448
b3324,30037.715
b1476,25368.1979
b1773,30809.441
b0634,40475.5074
b0941,37850.2807
b0261,33422.4289
b1842,8846.1887
b1038,15055.6156
b2581,37783.937
b1133,40958.9373
b3520,22603.9723
b3492,43740.5587
b2583,25994.7223
b4309,36877.5398
b0903,85356.2412
b4016,67697.7604
b1218,25512.0024
b3827,33726.548
b3397,21152.9129
b0182,42381.9724
b2538,51108.6025
b2794,32587.1049
b0790,28789.4774
b1648,9358.5682
b3013,34982.7693
b2327,28643.0418
b2586,11805.182
b1039,14878.6063
b2155,73894.7928
b0843,9970.533
b1562,5736.8315
b1434,19731.072
b4363,17046.3691
b1493,52667.535
b4325,30592.5272
b0642,97232.6634
b0010,20070.6303
b0074,57297.2413
b2308,24648.9665
b3494,13027.2408
b2156,53575.2399
b0922,50578.2819
b0615,55172.0798
b3550,17103.6306
b2357,18765.8494
b1826,5551.7441
b3260,35865.7106
b4461,48043.6541
b0342,22798.7411
b2422,41058.3945
b0973,66252.6147
b1075,23574.7174
b0141,20117.3844
b4535,4115.1625
b2319,36363.6816
b3158,37046.7124
b3383,33504.0594
b1629,80170.6117
b3847,50175.5598
b0591,43281.4464
b3141,27723.519
b2876,28103.1494
b2501,80430.4925
b2756,22292.7247
b0814,18602.3878
b1740,30636.4576
b1545,21852.0634
b2242,45356.71
b2842,27069.7122
b4227,34344.2546
b3703,5380.33
b1511,57544.1862
b4366,25621.3041
b0097,18879.3193
b1606,26347.9972
b1107,37594.317
b4174,45544.3331
b4231,34977.2338
b0387,16969.2667
b2502,58135.2891
b0811,27189.7636
b2020,46109.799
b1077,25911.8536
b1167,9701.0991
b2531,17336.3605
b2252,22256.2939
b0741,18823.9903
b3388,46161.3353
b2813,40410.1213
b2503,85606.6582
b0274,19757.6073
b2893,25621.3896
b3659,43492.889
b3688,11825.5035
b1450,25151.1167
b1895,15632.7448
b1462,20966.6415
b3825,38977.7818
b4100,21027.0471
b0064,33383.5087
b1403,13451.4657
b3459,14505.371
b3105,33256.0167
b3184,34962.6966
b0249,9013.9348
b2783,9355.6188
b2387,11735.1926
b1587,89778.9705
b3338,97056.51
b0601,23943.0858
b0254,33638.3788
b3997,39247.6756
b2328,30136.3324
b1863,18746.5509
b3939,41549.8972
b1074,13967.7782
b4018,29738.9527
b2028,43656.3516
b3192,23962.3186
b2663,51079.4886
b1201,70561.0097
b3476,58718.2725
b4242,99465.3217
b2359,13101.6604
b0355,31424.1147
b1242,23520.9275
b3844,26241.6868
b4031,53607.4082
b1410,65454.8334
b2325,9999.9273
b3092,53986.5704
b1769,50317.3437
b4158,12637.9835
b2341,77071.2984
b1996,34397.7304
b0921,29813.914
b2701,40255.2532
b1945,37848.6829
b3888,37093.8883
b2669,15347.3356
b1939,36775.5418
b1379,15165.4876
b1376,16016.3356
b0796,25016.4022
b2158,36881.6655
b1118,45343.6645
b0722,12867.3719
b2622,46651.1999
b2550,44520.2595
b2829,83714.6544
b3943,32865.1507
b3191,10680.2269
b4305,40614.232
b0551,14176.3762
b1582,11919.3754
b0177,90551.6267
b0343,46502.6956
b3712,27646.3386
b2534,31515.5019
b2257,62541.7688
b1940,25049.8725
b3702,52550.1633
b3578,45367.632
b1915,8238.4733
b2080,12024.1479
b4167,54649.6647
b2617,12301.8999
b2945,26708.7995
b0802,8567.6449
b3167,15154.3209
b0038,45126.2532
b0291,91227.3708
b3661,29423.2145
b1140,42798.4901
b0891,22496.7723
b2487,63382.7562
b0136,21111.779
b2121,42118.6633
b1660,43366.8892
b2378,35493.0174
b0750,38240.3907
b3577,17515.656
b1795,8670.4685
b2068,31392.9282
b1374,21908.173
b4204,29739.1151
b0596,26249.3542
b4479,26079.315
b3102,37385.5993
b3700,40513.5654
b0338,32960.4962
b1747,38455.4236
b3986,12295.0526
b3746,56388.0817
b0855,41930.2403
b1291,37660.2848
b0270,50631.2371
b4151,13106.7709
b2564,26384.006
b2611,29261.7667
b1969,25017.443
b1987,35855.4327
b3493,53388.416
b2887,69088.2695
b3399,25398.5248
b3081,72677.3109
b3187,35216.5802
b2130,41138.0567
b2048,50461.9829
b3302,6541.7186
b1519,29005.6121
b4392,73352.2971
b2792,12786.3886
b2632,32093.769
b3394,20795.6174
b3882,31157.8234
b3917,36658.8275
b4006,57328.5567
b1700,10724.0172
b3247,55363.5252
b1179,12414.3648
b4069,72092.7077
b2425,37614.0854
b1501,83494.1388
b2635,7703.3429
b1732,84161.5419
b2698,19423.8456
b4093,16569.658
b2625,54025.9813
b0873,60063.159
b3216,86288.3654
b2837,37093.6299
b4477,21390.3435
b2513,22175.7805
b1158,20572.5796
b2148,35549.7172
b1051,14259.0362
b0407,11887.0082
b0569,85318.3467
b2114,76253.8413
b3524,74456.5598
b2677,44162.2825
b3699,89948.8326
b0496,89331.0854
b4168,16852.8806
b3104,13455.7419
b1641,15601.4886
b1869,15226.1217
b3795,50398.4522
b4027,23754.5463
b2866,81319.9047
b0617,10689.1593
b0915,35588.8594
b3370,47575.973
b2275,32135.8892
b0327,8890.367
b4137,12330.9419
b0008,35218.8107
b1351,10015.5564
b0884,8249.4859
b3116,48878.4055
b0622,21769.2935
b3202,53989.1341
b3627,39422.7038
b2421,32663.8028
b4234,21359.0149
b0273,36826.7447
b3647,63178.6043
b0982,16385.7662
b2143,31539.4985
b3236,32336.8967
b1284,27602.2927
b1257,18961.2368
b1937,11126.6492
b3263,7203.4736
b2134,33887.0339
b1810,10835.2888
b0095,40323.4622
b3892,24606.0591
b2277,56523.8695
b2527,20137.4641
b0092,32839.329
b1278,29020.8837
b3064,36007.9886
b3262,33397.0686
b2411,73605.1715
b1177,13414.2639
b1766,67218.5157
b4255,15602.5439
b1864,26422.2838
b0045,48666.2908
b2101,28276.8637
b2441,49402.497
b1741,33738.5065
b2812,28561.6934
b2025,28454.1145
b1091,33514.7413
b2687,19415.9916
b3319,22086.2578
b1781,30986.2602
b1314,29831.4619
b1997,13451.4657
b3354,8469.4672
b2283,100298.0542
b2176,58587.458
b0821,47328.8751
b0381,39315.3295
b1868,31478.6901
b2943,50981.917
b2276,52043.4491
b0558,16413.5202
b2392,44193.1331
b1398,48952.3213
b1680,44433.2475
b2557,141401.0628
b4377,39831.3759
b2843,31076.0166
b2851,19093.0398
b2796,46905.789
b1831,25892.208
b1092,32416.847
b1422,33401.1172
b0771,81503.5996
b1043,11966.5078
b3448,16623.648
b1205,10486.1675
b1178,14905.6273
b0511,52455.4277
b3186,11564.2019
b0103,22621.4247
b0369,35624.4192
b1834,94969.2745
b3471,25268.6106
b0003,33623.2905
b4063,17149.5189
b1260,28723.8089
b2889,20508.0268
b1348,7018.8266
b2105,10133.7604
b3182,51797.7105
b2961,39148.6584
b0890,146660.8911
b2466,38745.9212
b3503,15853.1243
b0730,28272.9763
b0944,25852.5344
b2373,60580.5359
b2512,41886.6894
b0603,34396.3974
b2898,36093.6924
b1906,8628.6832
b2240,50309.811
b1065,44362.7159
b1988,32834.6652
b1134,17432.7138
b4367,30112.408
b4206,23505.2163
b3421,45221.2278
b0361,34397.7304
b1849,42433.1807
b2193,23574.6923
b3229,24304.6215
b1938,60588.3738
b1967,31190.083
b4219,23314.7748
b3300,48511.0903
b3035,53740.0446
b4473,40954.3921
b3993,23014.9878
b0656,39326.7214
b3561,37569.3984
b1804,42733.7586
b2496,26632.3754
b3848,21756.6283
b2366,47900.0121
b1307,8041.6312
b0808,81902.737
b0087,39874.2484
b1014,143813.4336
b0572,50268.9699
b3424,31306.3219
b3693,31373.2117
b0643,18796.9858
b3586,41770.6379
b1711,34948.8956
b0458,18266.9554
b3095,24585.1822
b0794,63131.7908
b2113,39937.6315
b0140,27053.5295
b2966,24613.6471
b1411,49562.0606
b3287,19328.2004
b3433,40017.4244
b1817,35047.132
b1165,10344.7628
b1446,8799.7781
b0286,24342.401
b0460,8627.9039
b0024,7890.2841
b2310,27991.3077
b3038,45025.4735
b3211,34606.1703
b2519,85065.8962
b1421,58898.1409
b0828,33393.6294
b0945,36774.0758
b2665,16062.9116
b0292,24516.6869
b2933,48970.4643
b4277,12160.7261
b3950,11247.841
b2834,38499.0591
b3982,20531.275
b1892,13316.2542
b0228,20041.589
b4239,63836.9039
b1556,7740.9094
b3456,46268.7468
b1707,27045.8956
b3292,16179.2357
b1812,50968.9339
b2920,53823.8245
b0866,11436.824
b1706,54381.4131
b2061,16709.1154
b0271,60824.2731
b2962,10952.4117
b0434,20949.7884
b1447,15854.8797
b1111,23361.4723
b1175,29613.6787
b3886,32838.4796
b2142,24469.2635
b0145,17527.5646
b1785,56100.7542
b0129,16539.8992
b2436,34322.2093
b3043,19493.7843
b2833,7876.8224
b4470,45360.7281
b1195,8774.6064
b2993,17750.5044
b0614,20270.1254
b2990,8808.0575
b1659,35249.6562
b2467,21748.4027
b1532,7536.4673
b0788,35859.943
b4066,49377.809
b2841,51683.8767
b2230,62670.5003
b1682,27582.0292
b4173,48326.5018
b0051,30419.7966
b1815,59710.6746
b0754,38009.0917
b2151,37356.4093
b2732,13940.3206
b3749,55040.9799
b4292,35531.6016
b4185,23351.4809
b3546,63803.636
b3775,10231.8995
b0086,47446.5803
b2528,11555.9163
b0071,22487.2053
b1908,25038.9985
b3585,37274.014
b1066,22687.571
b2754,10518.1371
b3988,155158.4333
b3731,15068.0943
b1268,71288.1866
b0397,118719.6615
b0019,41355.1815
b2544,32716.0623
b4029,78489.7655
b0119,13941.4012
b0098,102021.82
b4144,11958.311
b4221,136778.1577
b1047,44689.8206
b4080,53452.5197
b2537,32837.879
b3265,41317.1584
b0426,18343.637
b1560,39259.825
b0298,11543.0052
b2963,40112.0151
b4245,34426.9462
b4044,49645.8083
b0402,50215.1343
b4279,44102.9656
b2849,16271.3783
b2320,41367.137
b3964,13023.3549
b2470,113046.018
b1713,87377.0775
b4201,11442.0608
b4322,44837.4956
b2647,157497.6722
b1670,29582.3978
b1387,73001.775
b0531,25457.3354
b0339,23763.997
b1044,11193.8815
b2093,10221.9412
b0440,9225.4626
b1109,47358.1324
b3110,48314.1419
b1223,49692.8349
b0732,100013.829
b1617,68446.181
b2110,26588.7242
b3742,15807.456
b2784,83874.6244
b2383,92128.9151
b2949,15186.1092
b1346,8455.6881
b2312,56487.3932
b1588,89986.0387
b3676,12779.192
b3959,27159.2235
b0792,41565.3191
b3962,51559.8032
b4466,167244.0211
b1049,96936.2385
b2535,49039.9058
b1431,24426.6853
b0951,60519.7316
b0072,49881.2923
b2210,60228.8987
b2763,63997.3637
b2555,27347.5661
b2977,13736.5581
b1836,8752.7064
b4023,10531.9469
b3635,30289.7045
b1123,38866.6028
b0495,24532.6487
b1215,30832.3438
b3003,31487.5803
b3119,8607.7689
b0296,9920.0643
b1189,47606.7473
b0058,24860.362
b3985,17711.386
b1544,8778.1661
b1726,20366.8623
b3859,38119.8455
b2146,44328.9683
b0864,27021.7413
b2808,34401.1042
b3387,32099.2112
b3033,16547.8794
b3207,24344.7444
b2520,181583.1574
b2005,13898.7747
b2163,25294.0393
b3885,22731.5213
b3089,43477.1944
b2900,11905.272
b3722,66482.1531
b1684,13299.9674
b1715,1762.0364
b1862,22703.7284
b2451,49598.5802
b0874,32339.6748
b2044,45361.0753
b0574,44304.3514
b1448,19247.4635
b1246,37188.0662
b3649,10236.4514
b2659,37359.9563
b0411,33588.587
b2145,9264.0033
b3250,39529.913
b0232,11233.6336
b1768,23361.7852
b1855,37409.9518
b3327,44338.5174
b0239,47008.2336
b3925,35851.9245
b2343,10317.5656
b1105,22515.3973
b2575,27269.6081
b2755,33194.0568
b2003,8410.6149
b0765,39101.9391
b1080,38169.0216
b1317,23564.6374
b1190,38844.1808
b4071,20714.2866
b0998,22573.4629
b1483,34620.5303
b1639,12567.3804
b0939,25388.2331
b0018,7742.206
b3451,31499.3612
b1088,19314.7011
b3315,12226.1462
b0830,56469.5088
b2707,28235.822
b4089,32361.9121
b0222,20814.5109
b1024,92205.9849
b1533,32323.807
b4085,26108.9052
b3132,47191.8604
b0102,28291.2873
b2249,44225.141
b0508,29377.1086
b3533,99783.3515
b2522,28642.1679
b2646,12308.0538
b4515,4041.6449
b1443,28721.5183
b0386,28144.5888
b0879,70701.6386
b2253,42237.0459
b3724,27417.1901
b4307,19956.6876
b1022,50765.223
b0724,26769.6089
b2587,47051.9662
b1605,49500.8848
b2690,20779.5794
b4130,53054.0015
b3530,127722.3691
b3454,26309.9361
b1600,13114.6794
b0659,17525.4632
b3498,77166.2822
b0316,34865.5933
b1927,56638.6894
b3905,32314.9277
b2098,47358.5943
b2705,27857.5543
b2619,17726.4703
b2055,27893.7391
b0859,41955.324
b0999,11512.0943
b0212,28434.035
b0487,15234.9999
b1829,31922.9686
b2297,77171.188
b2001,57236.0114
b1751,24125.0134
b1540,26564.8393
b1012,42218.4465
b4297,70016.057
b0912,10651.0173
b3907,37319.3743
b1085,12099.8679
b0004,47113.2536
b3086,25479.571
b1465,26017.6247
b2217,23670.3248
b3044,13451.4657
b1304,25492.6486
b2388,34722.6705
b4328,41083.4361
b1161,15768.9321
b3876,51573.5775
b1884,32849.0336
b2072,27207.6411
b0101,7306.0963
b4157,11818.428
b1219,12692.602
b2906,44244.0923
b3817,14549.0132
b4476,46415.412
b2869,66095.1937
b3075,36209.9053
b1837,7315.1662
b0860,26829.1473
b1891,21565.8754
b2604,45988.9301
b0310,25588.5745
b2878,115580.2675
b4050,9023.3081
b4133,57812.2414
b0756,38189.984
b0987,9507.3962
b2786,102452.03
b2748,11621.9317
b1962,25903.9699
b1334,27966.9059
b0928,43572.8376
b2751,52557.816
b3684,27327.5007
b4220,64795.3586
b2603,18977.8872
b0687,20315.2207
b1858,27867.1358
b0449,65221.7172
b2623,37139.0561
b4337,44686.9653
b2673,9139.371
b2109,92280.9859
b1875,21204.7533
b4396,33144.4937
b0583,23258.2839
b3201,26800.322
b0113,29425.1107
b3718,26278.8538
b4051,35171.7286
b4181,14934.8288
b3551,85849.6589
b4189,12037.8185
b2073,24217.3702
b3555,11032.7505
b0156,12100.354
b1124,29110.6009
b1949,9631.787
b1216,39167.9849
b3816,36589.265
b1365,9787.197
b3908,23096.7999
b2901,55360.1312
b4558,7177.1293
b4267,37146.2152
b3410,8660.0667
b2599,43110.836
b0350,28889.5426
b2752,35187.9047
b0484,87872.1304
b1282,11396.1043
b3591,50606.6002
b3567,56469.7561
b4468,38360.5511
b3160,37128.9067
b3596,18078.5461
b0528,7389.4527
b0175,31453.3805
b0256,44266.3527
b0959,24146.7316
b2979,53811.0831
b4233,49873.5565
b3579,35969.6455
b3830,29424.8472
b0488,16938.6185
b2066,24352.8436
b1332,9339.1336
b2456,9956.3794
b3193,19575.9743
b1828,48151.1355
b3458,39378.2231
b1306,13516.6968
b4162,20815.3785
b1744,35799.751
b1762,40345.7839
b1060,9663.6536
b0085,53342.9912
b2683,12023.4008
b0853,17665.9116
b3637,9006.383
b2245,28915.6722
b2298,54795.9891
b3881,31982.6902
b3366,12283.8616
b0159,24353.6853
b0422,8951.8194
b1714,36831.3634
b2831,25527.1337
b3946,23554.9463
b2775,46830.1824
b1571,5792.2985
b0515,28730.0824
b3367,28562.1842
b1530,16064.8402
b2960,27307.0237
b2415,9119.2594
b2329,39136.9935
b3429,52821.7612
b3707,2894.3758
b1550,6547.5908
b1363,53943.1232
b3523,47207.4299
b1758,22751.548
b3733,31577.0736
b2022,40277.5142
b0248,17419.3535
b0331,32134.2898
b0943,18511.7514
b0146,26228.4868
b1848,10716.8885
b4350,134093.266
b2272,19018.4414
b2844,41018.2632
b0005,11354.7994
b2781,30411.9517
b3440,38764.5161
b3082,14995.2438
b4557,9380.9527
b2339,19851.0005
b2767,9661.9126
b3792,44959.0823
b2907,42287.7962
b3227,48830.2123
b4595,7102.2863
b1349,29720.7027
b1213,14638.6072
b1309,64185.0158
b1496,64984.0358
b1162,28264.1895
b3261,11239.813
b3054,48388.345
b0739,43156.1019
b0467,20375.1209
b1586,10476.5878
b2983,38532.6339
b2078,51990.6774
b3620,39041.6864
b1708,17282.5356
b1872,88962.9402
b2819,66901.6379
b0404,22960.8319
b4351,33519.5012
b2046,53691.9407
b2261,35476.1909
b3587,12408.4332
b0139,95498.2871
b2212,24075.2454
b4183,25008.6466
b0081,17385.8332
b1585,26506.5816
b2868,16921.5718
b3464,54512.658
b0107,50614.7441
b1499,28724.9271
b2309,28483.0206
b3715,24664.0568
b1267,23211.4959
b0442,12703.5062
b3514,111515.8538
b3604,29165.8791
b0344,116481.4806
b3126,27383.8047
b2302,24515.5839
b3755,26075.7595
b2499,36853.6207
b2895,19699.9514
b0435,11993.5325
b4407,7311.2128
b3219,24899.823
b3395,28999.9415
b1488,21212.8056
b1078,27743.5587
b4356,49439.9524
b3843,55603.0895
b2678,37619.2387
b2002,16556.7675
b3729,66893.5317
b4193,50736.9478
b0357,10317.6104
b3244,51363.485
b1950,28542.2297
b0009,21222.105
b1171,11851.6998
b2992,17963.4329
b2905,40146.2466
b3723,32096.7677
b0870,36494.2942
b3540,37560.0179
b0989,7719.9269
b0981,81240.6799
b4150,41555.062
b2764,66268.9886
b1990,34410.6635
b1404,44280.3793
b3642,23566.7061
b2012,8148.2314
b1454,23320.5881
b0306,26004.0381
b2380,62656.7282
b2668,18638.5057
b2824,14973.1815
b2704,13303.8888
b3717,22484.7743
b2204,31873.1977
b2226,61475.0749
b2207,9468.4039
b1478,35379.1794
b0016,40908.3273
b1847,12961.5778
b1687,113246.7127
b3903,47198.8751
b2364,35331.8332
b1652,23522.4332
b2982,39326.7214
b0688,58360.2444
b1138,27578.2787
b3901,12264.7587
b2174,26758.7976
b0580,9403.4043
b1096,29714.75
b3863,103116.8622
b3253,34723.358
b3645,31077.7778
b1495,89281.7784
b1287,42219.3999
b3741,69520.4379
b0800,35048.1547
b2805,27361.8471
b2433,17168.2071
b2964,46388.7172
b4127,10467.9319
b3708,52772.8594
b3826,29707.3942
b2086,32038.2806
b3929,17360.1521
b3963,26553.0172
b0965,14700.9538
b1110,18920.209
b2427,31191.3929
b0707,20210.9206
b2605,17244.3575
b0872,35739.5422
b3883,31727.2939
b1316,84866.4511
b3290,50367.17
b0272,27837.5869
b0751,26995.9294
b0783,17467.0622
b4169,47984.6384
b2606,13133.0697
b3169,54870.2609
b2761,100543.884
b2670,16948.8955
b0905,65650.771
b1701,62758.6456
b1082,57929.1623
b3981,13643.2425
b4021,24569.9529
b2085,11465.1422
b0517,37966.6857
b2473,24854.7552
b0902,28203.9893
b2129,34424.1063
b1663,49446.4814
b0225,10846.485
b1772,34120.8798
b0170,30422.6322
b1735,32967.2
b4136,61794.3441
b3765,55145.672
b4041,91380.3649
b2079,27655.6009
b0841,22398.3829
b1095,43045.2834
b2175,21039.6263
b0414,40337.855
b0820,59857.2863
b3996,29688.6063
b1236,32941.8982
b1204,21082.0386
b0211,49416.903
b3375,27820.3372
b2936,26842.0504
b0835,49581.2129
b1276,97676.0683
b2135,21690.4602
b3704,13789.0285
b1822,30418.5663
b1272,39365.9768
b1976,30278.7975
b0320,55580.0904
b4213,70831.3216
b3267,7451.6281
b2838,46176.7066
b4261,40357.1724
b2011,54500.1515
b0334,53951.1183
b1524,33515.2165
b4154,65970.8803
b2053,42046.3249
b1580,36563.6989
b0110,20535.9308
b2661,51719.4475
b1325,34673.6285
b2159,31479.1588
b2127,28045.8115
b3992,26969.4899
b0046,20169.7397
b3228,18262.1981
b2407,29834.297
b0423,54972.4232
b2289,34593.4348
b3927,29779.6309
b0729,29777.135
b1463,32274.1882
b3890,8442.3839
b3677,15728.6547
b1302,44728.5441
b0960,81666.5826
b3042,11275.8417
b4059,18974.7773
b4184,14223.6663
b3871,67354.6553
b2260,50184.0678
b3477,35247.6915
b2362,13671.4658
b2627,83060.8097
b3148,14797.4814
b0147,19933.6789
b3404,50333.4565
b3152,23197.6284
b3142,20744.0913
b2803,52258.0801
b0815,59705.4622
b1208,30925.0009
b4153,27122.7968
b1820,17615.0351
b3666,50605.9889
b0797,49988.6968
b4207,22215.9089
b0621,48411.6703
b2259,9870.4197
b0231,39515.4665
b2354,16408.0641
b1925,14949.9097
b4070,53702.3342
b2123,16593.9421
b3629,36730.0155
b2762,27975.4669
b3606,17726.0435
b2672,11847.1682
b1635,22868.0888
b0602,47826.166
b0807,34225.5146
b1046,53665.2743
b4360,17352.4594
b0289,26627.9711
b3560,34773.975
b2937,33556.6639
b2013,38099.9656
b2947,35560.4876
b4074,61293.883
b2147,45068.3984
b4546,8414.9433
b0341,41360.2142
b2179,38091.0315
b3674,19187.7333
b4465,45817.0418
b1255,26418.5112
b4012,16446.5008
b1426,8878.166
b0094,45329.4504
b1432,43363.2592
b0448,66016.525
b3940,88886.5957
b2912,21105.1741
b4083,73149.9401
b0061,25518.6105
b4241,34530.3379
b3414,20997.4755
b2886,17513.2034
b4086,34315.2451
b2374,45827.6454
b1244,33442.7972
b0996,43606.0714
b0013,14481.418
b3063,52905.7902
b2125,27399.4081
b4036,49911.6431
b3593,156318.8275
b1528,42537.6961
b0345,38589.717
b2897,10547.0215
b3303,17603.1811
b3779,54870.5027
b0804,25528.4491
b3460,39075.9245
b2730,35092.0592
b2448,13819.1168
b3099,15146.8614
b3640,16155.2828
b0706,28864.6627
b1926,13828.6679
b2725,17626.7735
b1274,97348.6539
b0223,28635.2828
b1383,11877.6408
b0933,27737.7691
b3289,48346.9428
b2102,31603.6102
b4553,11336.0971
b1782,27830.6329
b0317,17310.8536
b1386,84377.6245
b2209,18191.8338
b1573,8350.393
b4124,27488.1116
b4117,84424.2842
b2750,22321.0375
b3196,34740.1755
b2883,50243.6295
b2004,13683.4355
b1200,38214.766
b0325,37977.9829
b0144,34867.1365
b0805,81959.0396
b0640,38703.2219
b3378,12478.5873
b0221,89223.3748
b0096,33955.5271
b0565,35561.8556
b3446,10612.7515
b1825,10792.3419
b1035,20724.1141
b2460,25417.6778
b0083,13626.6728
b3972,37850.5691
b2300,20121.8342
b0172,20638.3342
b3156,18533.5547
b3203,10750.1147
b0463,42196.175
b3393,16846.0337
b3488,61163.6891
b2082,8429.5983
b3369,5818.7679
b2152,43393.078
b3215,25338.6711
b0336,43649.0677
b1473,31539.0637
b1206,59428.3561
b0827,44066.7488
b0308,25212.4201
b3732,50324.8256
b1813,21435.3608
b1126,43027.7235
b1520,34808.5259
b0908,46095.263
b0290,59996.4077
b0784,8757.8266
b3654,48867.4837
b0269,69398.4213
b2243,44107.5672
b1719,74013.4825
b4026,7386.0005
b3662,41841.5371
b1429,35931.9392
b3002,18640.9754
b2284,49291.8928
b3087,36213.8891
b1882,14097.2102
b3807,12231.2657
b0118,93497.015
b4088,32909.5082
b2056,45408.8832
b3049,7891.8135
b1985,60059.8595
b2294,19536.0087
b4112,41028.7481
b1280,44530.5035
b2375,22976.9325
b3862,36288.5833
b1029,38667.9996
b1191,62284.5984
b2140,35199.0847
b1955,30438.9579
b4511,8271.1481
b1100,29808.421
b3516,31562.1553
b1704,38734.6239
b1168,56905.212
b4135,21930.8411
b2205,24924.4628
b0149,94291.4317
b2798,28165.8215
b0605,20761.1854
b3745,55906.6952
b3740,23430.8279
b4565,9803.3389
b1235,37301.792
b2350,13225.6018
b2052,36140.7144
b3893,33100.0478
b3873,36941.3869
b3398,79489.0205
b3310,13540.8731
b3698,13786.4029
b3403,59642.7499
b3030,70243.0999
b3418,103117.2097
b2497,45059.5717
b2064,68962.0118
b1672,24420.3785
b4226,19703.3153
b0955,65817.8673
b3880,47432.0598
b1166,9693.905
b1266,32579.5937
b1406,30705.6134
b2714,36812.7714
b2318,30399.251
b1055,39780.8959
b2398,12719.4542
b2835,41655.1076
b4073,35041.7937
b0217,29605.3452
b4380,58019.3454
b1806,20920.8703
b2324,74433.295
b2780,60373.4411
b1546,21337.5659
b2165,32909.4922
b3101,14101.7556
b1777,10337.9089
b4463,53736.7674
b0412,19560.0589
b0445,64990.7465
b0034,15436.0077
b1322,39391.7389
b0055,30579.036
b2119,39681.8552
b1263,56869.2708
b2965,79415.2073
b0560,20427.8418
b4428,5625.7608
b1991,36986.5916
b3623,41728.9255
b3018,27452.8337
b3869,38555.6412
b3279,20244.7866
b0491,28164.4634
b1108,21225.9287
b1360,28127.8545
b3506,20963.6428
b4002,15199.235
b2054,19961.8337
b0224,28020.8852
b4118,34927.4945
b0152,32997.955
b0075,3145.7287
b2379,46215.674
b1624,38256.867
b2518,15463.2556
b2180,58725.2946
b3401,32534.1155
b3786,42244.093
b2222,22959.4212
b1593,24980.671
b1290,30570.178
b3329,18564.8446
b2998,10945.392
b2688,58268.6149
b3079,40098.991
b0138,20306.7714
b4087,56744.2576
b0471,12014.7142
b2104,27338.8726
b0173,43387.5375
b1102,81231.6635
b1658,38174.401
b3824,22426.493
b2563,14052.1201
b2566,33809.6636
b4471,48521.1389
b3865,23560.6079
b4548,7860.9837
b1400,21324.3266
b1886,59943.0012
b3022,11231.8293
b2370,134741.0644
b1853,31975.2198
b1542,53684.6424
b3711,36881.3846
b0780,32787.5312
b1058,5897.1386
b2215,40367.5898
b3569,44868.6318
b2067,123885.6197
b0541,33540.0396
b4517,6575.5412
b4034,43387.0886
b1637,47526.3942
b1308,11475.1766
b2779,45654.4073
b1444,50829.4048
b0584,82105.8793
b2685,42735.5196
b0734,42452.6235
b2795,50971.3214
b3071,23401.0413
b1311,33225.0305
b3519,63695.933
b3600,41138.5077
b4075,14522.9106
b0592,34282.6313
b0863,26929.2203
b1917,27676.6514
b3650,79341.536
b2785,48051.676
b2167,57518.4742
b2874,33070.5803
b3006,26287.0708
b0682,11998.5264
b1264,57493.8178
b3168,97348.7493
b3100,11810.6163
b1692,31227.4546
b0124,86746.3046
b0733,58204.3868
b4348,51394.6164
b1277,21835.7247
b4402,4885.7403
b4315,19372.9993
b4068,11671.4667
b3342,13736.9062
b2418,30847.0162
b1614,54688.3323
b1330,38754.0315
b2848,18719.2913
b0935,41735.7312
b4053,39152.4927
b2745,39090.9987
b1819,30955.1144
b3994,70849.5592
b4302,15637.5806
b1924,48455.8534
b2894,34245.9487
b2825,20519.2712
b0566,29018.5468
b3601,21989.8847
b0972,40680.94
b0893,48413.476
b1890,32011.0656
b1695,43001.6596
b4225,12492.2573
b2488,20159.1873
b0888,34622.6365
b4317,96481.208
b3155,11269.7785
b2311,20694.7666
b1202,99683.5715
b4082,36907.8266
b2789,49141.4991
b2271,35930.3845
b3686,16093.0018
b2637,17098.9633
b1734,50511.9105
b1827,30028.9937
b0108,15621.5928
b0856,35489.0856
b3618,33457.5825
b0192,25844.0227
b1238,23456.312
b0942,18913.3318
b0858,18517.8118
b2592,95583.8778
b3467,13496.3367
b3356,14516.5727
b3783,47003.6661
b4238,80021.631
b1452,38612.4616
b1803,35660.84
b3058,13619.3617
b3619,34892.7321
b0521,31643.7491
b0388,19150.606
b1920,29038.8289
b0446,30370.5957
b1638,25544.8351
b3667,48256.0949
b3412,28504.6644
b3951,85958.7332
b0623,7463.3536
b0865,18991.0953
b1232,31934.3405
b1757,48227.9884
b4197,32006.2759
b4078,25078.9045
b3197,35195.7353
b0418,19417.8997
b1045,18880.1564
b0988,19699.5612
b3385,27388.83
b0767,36307.204
b1262,49491.724
b1019,46753.6343
b3636,6371.5031
b1907,42818.5959
b0464,24766.3751
b3029,11532.276
b0077,62983.6301
b2818,49194.6058
b1709,27080.8734
b2376,10161.7949
b3021,14702.9417
b1375,8751.0977
b3396,93635.031
b1001,48354.8141
b1958,32190.2632
b0432,34910.8975
b0479,43304.9847
b1811,6554.2337
b1805,62331.2346
b2469,63696.1028
b3077,17456.4105
b2468,71843.2233
b0518,58595.3927
b0333,43101.6668
b1814,48906.1351
b3958,35951.6921
b1155,15434.2809
b3452,33263.4502
b0577,46602.0832
b3902,30145.1376
b1359,32508.6417
b0983,41740.2577
b4139,52355.5648
b1007,17749.1035
b4049,38467.4906
b0645,27735.8187
b3583,25560.5675
b1746,53025.6779
b2150,35712.1395
b2953,10456.0499
b0757,41441.6415
b1625,8416.4736
b3469,76838.9583
b3323,55297.3104
b2618,10789.2177
b0498,14152.26
b0117,69361.1336
b3481,15093.6034
b2322,40464.7077
b4516,9902.2959
b2782,12097.9117
b1186,56727.7178
b0246,11939.4654
b0547,17432.8216
b2405,33626.9549
b3014,9512.953
b3070,28871.1923
b1678,36081.9017
b0880,7968.8809
b3485,41061.0988
b1534,42658.4472
b1739,12020.5497
b0842,44320.4178
b0526,52201.5189
b2489,28100.9812
b1275,36150.015
b2423,32537.1902
b3622,46877.0785
b1821,20116.7433
b0695,98717.1783
b3680,33957.5744
b3990,43319.6251
b2594,37121.1911
b3846,79592.9534
b2069,49370.8025
b4055,26103.2148
b3983,14875.2148
b1647,33675.2443
b3180,10783.5758
b2865,26564.2393
b3839,28875.9493
b1313,38216.0789
b0775,38647.6888
b2480,17633.7313
b2517,43085.0684
b0251,16814.7969
b3784,40956.7547
b2954,21038.5825
b0967,44356.4028
b0911,61157.2971
b2910,12594.0274
b0280,15814.8646
b2510,7994.2302
b1789,15255.3822
b0763,27363.8671
b4365,27031.7797
b0534,18222.4318
b2477,36841.9927
b3938,12140.6128
b4375,59573.3957
b2363,12132.6151
b3691,47076.1471
b1675,7907.2511
b0698,59188.4175
b1978,248566.2464
b4081,76149.9291
b0443,15088.1263
b4554,7995.1984
b4464,46757.4348
b3673,42215.2788
b2351,34634.9842
b0647,20914.5817
b3416,78502.5889
b0590,33870.9031
b2700,17581.5166
b3887,15949.8809
b1671,25092.4016
b4244,17120.434
b2288,16457.1321
b0428,32248.1095
b4539,10215.513
b0186,80589.3758
b0378,40413.8602
b3280,10006.9263
b0167,102388.8966
b1823,7402.2704
b4529,8695.9016
b2607,28422.0287
b4126,8549.7998
b3450,39523.2211
b1352,8433.7064
b3056,46466.6092
b4122,60104.6108
b3773,33203.9974
b0090,37814.2744
b4306,27353.7049
b1612,60297.8667
b1743,18198.8937
b0134,28237.1171
b2420,28242.8585
b1522,34321.9324
b4357,35396.7304
b3609,17277.1748
b3062,22679.2148
b2666,5865.1136
b0585,45651.3786
b0293,20111.2147
b3747,69293.2909
b0544,57526.2071
b4056,15655.6144
b0340,17048.6279
b2368,42584.9344
b2702,20580.0914
b3183,43285.353
b2526,65651.6422
b0610,14926.8999
b3028,21890.6384
b0465,127213.7252
b4352,35659.2734
b1738,11426.4123
b3511,20903.104
b3770,34093.2439
b1599,11720.0025
b2009,18081.2452
b3249,18787.5625
b2940,8114.4009
b3140,29001.0349
b0279,32678.1363
b3170,16650.7743
b2265,48763.9628
b0312,52910.5159
b3953,12636.5108
b4216,20420.288
b0366,28296.3995
b3402,64636.5096
b1412,21657.4359
b0829,69113.1954
b2126,62091.7523
b2476,26994.6927
b3311,9704.3338
b0190,20876.4266
b0128,28515.8015
b0633,37527.5526
b1873,40285.9907
b4142,10386.8243
b2495,13398.4346
b1008,21570.1289
b4327,34710.3025
b1581,45967.9546
b1457,18906.543
b3897,65998.9233
b4550,8171.2862
b3269,43260.6657
b0196,14163.339
b3118,34538.4504
b1598,29276.7295
b2598,1924.3093
b3571,75711.7413
b3475,21767.5417
b1756,24016.3358
b0522,39460.6393
b3465,21677.338
b3045,34397.7304
b1857,33776.9628
b2439,22787.5937
b0125,20115.0133
b4474,31168.5198
b2039,32693.1704
b2839,34364.2237
b4262,39618.1492
b3223,24073.392
b0810,24363.9935
b2323,42612.8728
b4224,9271.4857
b0323,33930.4529
b2888,51757.3899
b0209,29991.3105
b0091,53625.3298
b3998,24672.2982
b1427,20680.3089
b3791,41900.5557
b0135,44898.669
b4039,18776.687
b0896,30825.8818
b2153,24830.3397
b2662,45774.1064
b3163,33620.3521
b3500,48771.9472
b2996,36002.6394
b4097,27830.5041
b0579,14050.1487
b0151,28886.0953
b4393,12355.0113
b2799,40512.904
b4532,6781.8151
b4373,16609.5419
b0377,46458.7734
b3944,22954.7469
b0755,28556.0283
b1430,22530.4758
b2390,13262.5235
b4108,12344.9319
b1247,37197.1262
b2579,14284.0081
b0918,27614.1142
b0241,38921.5191
b1552,7683.641
b2213,39323.4442
b2664,24990.57
b2547,55015.7361
b4301,23214.193
b0581,41687.8766
b3605,42727.7068
b1755,56242.2485
b2286,68235.3024
b4483,28973.6212
b1662,23444.6333
b3266,111453.0688
b1697,27470.0807
b1130,25534.91
b0207,29436.4224
b3556,7403.1874
b3271,28573.8694
b1843,24394.7836
b3005,15526.8184
b0252,31050.9525
b3750,33451.4119
b1597,10591.1271
b0646,55255.6772
b3422,60298.5542
b3896,39293.8677
b1069,55266.7912
b2118,138066.0893
b3206,9810.0251
b2270,63633.1146
b3462,38543.1783
b4243,13611.4244
b0618,40076.7418
b0284,78087.4409
b3113,14007.0033
b0766,30200.9545
b3330,13901.2922
b2492,30564.3034
b1973,24761.5559
b4011,14446.643
b3316,10430.1588
b3442,44230.7604
b2332,30260.1386
b0430,22622.3708
b0836,14535.5694
b3298,13099.2329
b0934,28925.0817
b0417,35070.4423
b1953,8579.1492
b4152,15014.8535
b3730,49189.4964
b1114,129981.1642
b2494,53907.2925
b1686,14945.0923
b1006,45556.8723
b2424,30291.4679
b1860,37173.3297
b4544,12191.8135
b3083,12102.9527
b1125,31061.6068
b0431,74367.0155
b0143,53870.2722
b3630,30871.9654
b4232,36833.4917
b3819,33282.6683
b1492,55075.9979
b2634,26605.6712
b4072,24567.2191
b4258,108191.0891
b4129,57825.8878
b2832,26157.0645
b1139,33761.9827
b2712,82065.1026
b0352,36470.0408
b1009,28897.784
b0015,41099.8758
b2944,19348.2605
b2578,21248.0356
b3337,7362.5629
b3542,32308.0877
b1392,39319.5227
b2026,22755.554
b4113,25030.5079
b1211,40516.8467
b2449,14553.6763
b3362,6598.5365
b2315,45405.1343
b2539,20578.989
b0616,33109.2624
b2305,34179.0976
b0613,31644.0952
b3457,32981.9155
b2959,12880.4108
b3565,49741.4142
b4621,7888.0897
b4115,46842.0701
b4176,7165.7055
b2986,25355.2777
b3482,159392.9829
b3576,17548.9348
b0131,13833.5769
b0852,32436.1277
b1027,11543.0052
b3752,32290.1086
b1174,10234.7831
b2903,104375.1855
b0169,26743.3269
b0039,42557.9488
b2295,17212.987
b3811,33867.3433
b3011,42096.4983
b2919,29172.2498
b2450,29750.5798
b0846,20307.1596
b2063,59449.5139
b3725,29026.9566
b2600,42042.02
b0210,22990.8153
b4125,60549.9282
b2166,33572.6003
b0367,29811.5386
b2304,32698.3118
b1649,22275.1313
b0512,49601.0646
b2438,17892.4221
b1798,23200.3549
b1480,5095.7619
b2023,21652.617
b4287,28190.3591
b1243,60898.1604
b4526,6583.6858
b2416,63561.0983
b4145,32946.5738
b0772,46081.6299
b2995,43601.5048
b0966,11779.0624
b1067,24177.0572
b2584,97986.3142
b4095,42009.9411
b0114,99667.2782
b2410,36405.2118
b1343,49187.2085
b0723,64421.1307
b3445,19564.3535
b1408,22523.8317
b2576,49913.5205
b1265,1723.0918
b0885,26618.2104
b3405,27353.3166
b0227,28784.4398
b3345,13641.12
b4146,38749.1612
b2930,34323.0738
b1527,42840.7248
b3282,20767.4878
b4509,5493.4388
b3332,37646.1287
b2801,47544.3402
b1015,54343.5177
b3697,29720.7892
b0887,65055.3721
b0043,45702.3069
b3431,73575.7647
b0597,14969.9577
b2867,31556.4352
b4412,5501.511
b0047,67795.0488
b2447,22906.4542
b1084,118195.2671
b2385,39623.4541
b4182,25333.2456
b1765,20058.7877
b1551,5639.3785
b4381,27733.4812
b4288,34131.1031
b3966,68406.2387
b4403,25258.7499
b0963,16918.3812
b3603,59167.4396
b2939,4858.7479
b4382,47206.6012
b0478,59422.8193
b2157,32723.3513
b0530,18474.2777
b3806,97584.8332
b1885,57511.2499
b3144,93615.0878
b2206,93040.9282
b0882,84205.8963
b2709,55235.6933
b2509,51831.6034
b2231,96962.3491
b0679,68346.0661
b1643,8890.7428
b2124,17972.6122
b4190,27588.0884
b4415,5563.6779
b4102,27621.0975
b0776,41593.7742
b2184,66412.334
b3861,52636.235
b0475,35883.9654
b0353,41550.2941
b3212,163295.057
b3955,66609.0241
b2759,18701.3004
b3359,43766.4533
b3094,29835.3455
b1087,21690.5443
b0406,42593.1987
b2860,34397.7304
b4268,21003.7502
b2237,25295.7839
b4389,49471.5655
b2446,15728.9372
b1034,26890.2039
b0454,14449.3723
b3527,55526.7084
b0154,45365.6295
b3161,44332.0169
b4291,85320.5409
b0787,26122.9879
b1428,35848.8273
b3335,24956.5079
b3568,41030.3694
b2131,32608.8762
b0472,21962.7839
b2208,18047.3112
b3521,33329.1565
b0662,42952.9913
b2689,15589.5156
b3709,45210.0993
b0200,21294.0077
b0761,28280.8791
b3384,37437.3843
b2696,6855.8107
b1079,24615.1694
b3522,37910.9771
b1929,44428.3677
b2000,106824.1451
b4040,32511.3528
b2181,12525.1018
b1888,71381.5507
b0704,21961.1642
b1415,52272.1715
b2484,51753.9597
b4079,79372.9541
b4485,55259.3533
b0396,41925.8784
b3532,86022.6517
b3918,28450.4355
b0242,39056.0532
b1197,63635.9564
b2232,26555.1467
b2058,17615.3381
b3590,68866.613
b3376,38598.9036
b4502,8954.4114
b0571,25394.2236
b2461,17658.632
b1350,96367.147
b1512,33796.454
b0758,39645.2079
b0053,47283.1738
b1549,16496.7181
b0914,64459.9792
b1072,23518.7871
b1563,11225.0786
b4114,61666.3727
b2942,41951.132
b3470,9094.4566
b3589,40350.926
b2278,66437.2898
b4251,21501.2738
b3641,22836.0744
b3138,17622.0467
b4501,7677.804
b4313,23115.9978
b2050,44913.4255
b2749,12017.1205
b1445,6646.0036
b2997,39651.5833
b0025,34733.8411
b2991,12697.3404
b2197,17698.1098
b1413,149026.0779
b3899,51119.8343
b2593,26338.6378
b3257,9097.6697
b0260,50525.1973
b0076,35694.3204
b0680,63477.1448
b0066,24998.8635
b2807,14332.9827
b2935,72210.9049
b2971,14669.7665
b3805,33851.4377
b0809,26730.6707
b3737,8256.0356
b0307,53051.3186
b0717,26953.7618
b3829,84672.4709
b1683,54744.6926
b2703,33331.6273
b2629,9967.1673
b3922,10776.111
b3389,38880.5391
b3562,16122.5416
b1724,10864.8614
b4090,16073.1342
b2917,77870.3498
b4324,29307.8937
b0486,45658.0968
b3930,33593.5731
b0188,48203.5846
b3438,36421.6215
b0964,24593.8278
b4355,59442.2975
b1385,53698.5016
b2896,16063.8462
b1718,20563.6859
b3866,19059.0027
b3344,13044.8631
b3413,25725.9982
b2720,20309.1664
b2089,33540.0396
b2817,45633.8873
b1905,19423.5929
b1099,36936.1289
b3430,48697.1057
b4320,31473.0891
b1097,38246.9327
b4391,62442.1059
b1526,32482.6084
b0778,24139.2951
b4299,29876.2913
b0473,71421.6357
b1611,50488.3345
b3821,33162.7137
b1840,32525.9491
b3987,150630.5506
b3355,32343.605
b1971,37368.4641
b3949,37085.9205
b2266,11305.5438
b4107,16171.1477
b0573,12251.0239
b1340,21512.2384
b4341,6708.6815
b3937,23139.3499
b3919,26971.5025
b2172,54031.0607
b4345,40589.1994
b1214,30841.0066
b2220,52175.8048
b2549,123830.6157
b2485,23361.2372
b3911,51623.6223
b2457,9865.443
b2369,22689.9438
b2738,23222.2055
b1203,39666.855
b1042,15048.9719
b3615,40523.8978
b1712,11353.7907
b0037,58558.4533
b2393,43475.2328
b2508,52021.8558
b4409,4556.2455
b0920,28665.9761
b3772,56194.5798
b3149,21105.8389
b1402,34397.7304
b2823,12003.8018
b3380,44558.99
b3831,27158.7802
b0916,47655.3105
b2414,34489.2242
b3349,20852.6112
b2459,30171.2051
b3572,46710.695
b0728,41392.1542
b4149,19851.359
b2820,133957.4205
b1136,45756.1841
b2879,48840.9952
b0637,11582.1047
b3392,15098.0427
b0328,24811.0342
b1103,13241.1245
b2706,12953.0937
b1923,51294.3572
b1786,56601.8743
b3625,27460.6145
b3052,51050.0078
b0638,23308.2011
b1237,15539.456
b0946,20588.5593
b4284,44280.3793
b4321,47137.3867
b0476,36033.6721
b0195,26362.0054
b3234,47204.4599
b2250,18609.4681
b3634,17836.4355
b4518,5883.1546
b4076,22784.0101
b3904,54068.4265
b1583,12908.526
b0267,43768.1414
b3926,56230.1095
b0137,21046.7053
b3685,58938.2361
b1135,24880.039
b1132,22947.2815
b0684,19736.6991
b3878,77274.0604
b3624,32919.6994
b0356,39358.5544
b4019,135995.4316
b3252,73338.3833
b2740,46769.0496
b1487,57640.5001
b3788,39753.3569
b4155,36975.651
b0781,37345.9889
b4374,25300.3069
b0054,89670.0456
b3575,36572.3266
b0795,36415.4356
b1180,23710.8367
b2536,41592.2265
b3895,30559.6646
b1485,31970.5441
b2303,14081.8582
b4179,92108.1147
b1640,39495.8109
b2428,31219.5843
b2478,31269.6246
b4263,54331.6318
b2169,39647.3473
b2262,31632.7585
b4140,17691.7319
b2452,42806.3359
b4278,50385.2381
b1561,9234.6173
b2225,28303.3273
b2481,22154.1544
b4395,24064.9577
b3559,76812.0045
b2389,43573.1097
b3379,32915.0566
b4481,40639.0922
b4096,24705.1659
b0390,24916.6155
b3570,30867.2817
b1131,51542.1581
b3921,16541.4403
b1627,20897.2669
b2873,51024.5679
b4567,8696.6456
b3669,20889.0817
b0301,21899.2003
b0658,33298.1116
b4111,54845.1589
b2196,71388.5843
b3602,13695.8613
b3173,60751.9119
b0262,39058.3121
b1207,34217.885
b3544,60292.9567
b2836,80699.0443
b0813,31168.089
b2958,26428.9269
b4289,34892.3028
b1655,29916.2356
b4294,9924.4324
b1320,36133.7499
b1442,34359.652
b3525,29600.9005
b3537,7363.8558
b0897,23100.0225
b2684,20563.2388
b1861,22085.4215
b4384,25949.6409
b1279,11351.3351
b1129,55298.9557
b4510,6690.1318
b3696,24169.3395
b2417,18250.8353
b3255,16687.0389
b3133,17085.6454
b1656,21265.4935
b4222,12866.264
b1921,21657.5802
b1172,10806.6812
b0840,28547.6652
b2891,41250.2429
b1390,27877.1416
b0720,48014.4729
b1941,49314.9895
b3177,30614.7663
b0421,32159.262
b2241,58957.589
b4273,34397.7304
b1963,13838.0347
b4030,15596.5694
b0062,56073.3549
b0185,35241.1323
b3915,32926.8736
b3879,34009.523
b1570,15655.844
b1604,33902.8627
b1310,46807.8642
b0693,82414.8381
b2007,12777.6359
b4272,13451.4657
b0692,46494.3452
b0709,54158.3316
b2081,51192.6034
b1502,32069.1618
b3139,28644.5331
b0277,24470.6078
b1845,79489.5708
b1564,9071.3722
b3220,43292.944
b0294,23273.4721
b3283,19870.789
b0834,49872.3901
b0424,20776.8441
b1844,25132.8031
b3340,77580.3934
b2216,100370.9625
b3502,45496.8568
b3017,51857.5418
b3318,11198.9822
b3019,83830.3125
b4177,47344.3824
b1590,30523.3185
b1859,27728.3413
b1070,15866.7384
b1339,34057.7388
b1694,57561.568
b2051,18273.248
b3050,23086.8475
b4318,18715.1077
b1481,7986.7309
b0089,45986.5464
b2956,38458.9382
b3199,21702.3607
b3312,7273.3643
b4541,12603.1314
b1631,21911.6377
b3232,43063.0293
b4208,51659.0506
b2533,29171.7701
b4160,35933.9708
b0877,38357.1391
b1503,18144.2545
b0875,23702.4879
b1468,140225.0188
b4099,38852.3173
b0111,32121.5754
b0247,18098.5484
b0164,29863.0503
b2223,47527.1876
b3689,46186.0476
b3974,36359.3127
b0069,63974.3712
b3923,16292.8496
b1289,13988.6653
b0681,52779.6621
b1942,17306.3447
b1146,7402.3951
b3529,74380.4163
b0416,15688.8562
b3526,33961.9614
b0537,45089.604
b2111,19060.3586
b0372,33540.0396
b3631,42283.6126
b3710,41489.2594
b0067,59532.4599
b2493,39193.9544
b0153,70422.2031
b1414,29705.3539
b3136,41782.031
b3584,27413.2045
b4257,44899.0573
b1053,43866.7482
b4398,26124.9447
b1248,12686.8667
b3076,117877.5214
b0694,25361.8281
b3449,27409.2672
b3067,70262.5035
b0635,70855.7153
b3563,12555.0326
b3146,31347.5087
b1961,53464.1455
b1801,52880.5195
b3531,41699.7763
b2560,24439.0854
b3832,54763.8049
b0718,90126.8019
b0250,17025.5318
b1944,17220.6689
b2567,25549.7281
b1071,10340.477
b3834,22152.3221
b0469,19858.6157
b3317,29860.0897
b3371,38568.781
b3793,51516.6192
b1736,12747.6396
b4000,9534.8632
b2744,26900.1146
b3074,12315.2304
b4200,15186.8692
b1788,3771.4857
b0493,29409.8433
b0052,35113.36
b0288,11798.4168
b3801,60716.8859
b2239,40842.8745
b1943,39311.3073
b1010,13762.6924
b2444,9205.7476
b3671,60439.91
b3162,70545.3329
b4046,19253.9843
b4401,27291.6976
b1541,7276.2739
b4379,31490.2178
b0639,24527.6398
b2202,23100.3141
b3341,20018.8503
b3800,46512.655
b0857,30540.2277
b1153,21643.2924
b4523,6337.8141
b0612,53091.9208
b0895,22868.7377
b1086,36026.1261
b3679,62084.2046
b0838,23712.8885
b0847,60350.4089
b3668,56305.2101
b4196,23577.8052
b2729,41362.9333
b1931,24978.9575
b3541,35843.9731
b4520,8254.7117
b3856,19363.153
b1185,20141.9674
b0878,40623.4205
b3644,33174.5364
b1254,20789.8998
b3705,61525.1847
b2716,53934.2992
b3588,56305.6913
b3461,32468.427
b1196,16694.6515
b1780,32665.6839
b3048,38554.3427
b3764,13133.4172
b2787,49140.4462
b4400,49829.207
b3209,22981.3049
b2877,21513.6153
b0599,39091.1369
b3190,9451.6294
b2182,43352.3861
b3296,23468.806
b0319,32265.3639
b2793,20708.2354
b3041,23353.2335
b0048,17999.167
b4332,41360.0985
b1787,17850.4312
b0436,48192.0803
b3333,44539.3359
b2267,17419.4928
b2164,43431.1777
b2185,10693.3101
b1992,26385.2981
b1856,49057.1537
b0630,23882.2617
b0122,12853.5915
b4359,85493.0045
b2285,18589.8475
b2178,40359.7572
b3406,18526.8246
b3463,24438.947
b2562,9791.224
b3037,23479.1681
b1217,8944.7142
b2024,26032.3222
b4092,27847.4709
b3842,18340.0154
b1922,27520.7733
b2042,32828.8631
b1356,17662.9008
b4015,47520.9986
b3672,3205.875
b4388,35042.2922
b3597,41987.7766
b2160,39709.768
b0104,37383.2577
b0752,34678.0087
b1234,33066.6938
b3599,67971.4753
b3293,13944.5867
b2035,44743.7628
b1974,20336.9592
b0555,17971.5992
b3858,10272.7863
b2255,74287.9803
b3320,22243.2373
b0006,29585.4538
b0311,61876.9095
b0084,63876.6545
b3626,39039.8599
b3368,49950.8154
b3066,65563.8631
b2595,27829.0717
b1928,14983.0928
b2540,11328.6531
b4620,10048.6275
b0803,9755.7067
b0126,25096.4793
b4057,13519.3124
b3608,36361.1934
b0898,41431.0943
b2875,57681.1876
b0253,31891.3642
b1794,38545.1588
b3374,28331.5156
b1710,20469.3199
b3739,13631.5484
b1117,25437.9886
b0961,16275.1594
b3845,40875.8029
b1181,17910.2086
b3956,99061.4335
b3664,46933.0927
b0441,68149.0361
b2060,79342.0881
b0264,19757.6073
b3472,19787.2749
b1957,6678.4087
b1698,33769.3474
b4035,40989.968
b2545,38050.3739
b0957,37200.3005
b3243,34515.6058
b3307,11580.3511
b3308,20301.3308
b1537,18320.6085
b0505,18169.3325
b3127,49008.6523
b2149,56414.6108
b4394,18212.4307
b4172,11166.2492
b4105,37370.108
b0507,64731.0383
b2352,51482.9305
b0477,48448.2173
b1438,15246.4392
b2486,56766.4942
b2112,10136.4771
b0712,34385.9688
b1932,17891.2563
b4230,35658.5409
b1491,49573.7163
b2445,13777.6514
b3358,79970.6666
b4622,10256.4462
b4235,48369.074
b1879,74841.935
b1839,12378.2894
b3957,42346.8451
b0868,38085.2432
b0132,34606.3969
b3928,9634.7023
b4178,15592.8996
b1508,10016.2711
b3381,42293.8612
b2221,23525.938
b3867,52728.4125
b0652,26660.8061
b3548,25950.4212
b3592,22544.7893
b4042,13244.525
b2281,20537.5482
b2384,37408.4549
b1994,39199.5736
b1148,12155.6351
b3147,72824.2962
b3336,18494.8155
b3059,22193.1689
b3566,35733.6006
b2365,47162.604
b3517,52684.5637
b3857,21642.6212
b0183,21525.7456
b0578,23904.8965
b2667,10596.1673
b3652,76429.4778
b2904,13811.0271
b0657,57065.0926
b3736,17263.7477
b4482,27907.9954
b3954,32148.9937
b3377,46515.7803
b2412,36474.8673
b0760,54535.2201
b2765,13772.7256
b0962,77975.2451
b2822,128846.1334
b0953,6507.4205
b0384,11686.4251
b3910,25342.4202
b0393,33992.9634
b3026,50281.0744
b4253,69576.896
b3611,15596.0625
b4290,33145.936
b3314,25982.9106
b3480,29721.3165
b0764,24938.5108
b1187,26968.2628
b1946,14854.7232
b4310,39571.7217
b4215,35934.4403
b0848,14203.068
b3208,27341.2693
b3407,85118.8567
b1160,12133.3513
b2565,27390.2886
b3061,32733.1975
b0063,61088.7214
b3785,39488.6547
b0459,20095.7592
b2273,27990.7412
b0287,22966.5112
b3804,27797.6068
b0360,13451.4657
b3935,81653.9012
b1163,45294.5217
b4147,20591.0589
b1685,7266.2472
b0568,111306.7934
b2615,32565.9952
b2777,25029.3715
b1418,20286.2004
b1601,37542.3607
b3838,18420.6378
b3984,24729.3419
b1076,42044.6882
b3484,43145.0761
b3912,26311.7987
b2830,20794.5968
b1742,21576.6208
b3145,38534.9321
b4175,37649.4309
b1484,36099.4597
b2746,16897.3394
b4187,60589.2476
b3657,50947.8784
b0710,26892.1471
b3239,10796.0038
b4329,16193.2641
b3809,30208.2312
b1120,31463.6707
b0930,52569.7937
b1301,47168.9902
b3010,35956.3311
b3633,47290.4705
b3781,11806.4819
b1424,62757.2314
b4077,47158.5953
b4362,19454.8684
b2899,23846.4396
b3039,29902.9668
b1983,25866.7779
b3281,29413.2785
b3656,88078.3269
b0304,48243.633
b0026,104295.6111
b3991,26895.7856
b4259,16632.5673
b0364,20486.3145
b1486,37344.5498
b1513,55820.6347
b2186,37822.0418
b4054,43537.2948
b2708,34031.0703
b4469,83476.9216
b0178,17688.0332
b1393,27237.0575
b1081,34474.7679
b0770,51350.0772
b1558,7562.6242
b3055,23076.1064
b3347,28881.5571
b4506,5466.5583